text,category
"Jika anda bermasalah dgn CC/KT@, stres dgn bunga, pelunasan disc s/d 75%. Hub: ATY [PHONE](wa)/[PHONE]. LEGAL",uncategorized
"Lelah byr min payment? Kami Solusinya, bantu secara LEGAL penutupan CC/KTA, dscn 50-75%. Hub.LoLyta [PHONE]/[PHONE] (WA). LEGAL",uncategorized
"Dana Tunai (KTA) bunga 0,99% hingga 300 jt. Syarat KTP & CC. Bisa Dgn BPKB rate 0.99% 3 hari CAIR . hub AYU [PHONE] (WA).mhn maaf bila menggangu",uncategorized
"""ROXI CELL"" Hanya dengan Rp.100rb Anda bisa jadi agen pulsa elektrik ke semua Operator GSM/CDMA,v5=4300,v10=8300,Utk daftar ketik MTRONIK kirim ke [PHONE]",uncategorized
3 RAMADHAN Selamat Anda Pemenang Rp.100jt. PIN CODE 7Y7R8K9Z Info: www.hadiah-3ramadhan.blogspot.com,uncategorized
Anda brminat cash&kredit mtor scond brg istmwa tipe&merk apa sj.dsini mnyediakn 50 unit dr thn 2004 keatas hub [PHONE]/[PHONE] MS DEDIKTP luar yk bs.,uncategorized
ANDA MAU MENANG TOGEL 100% Tembus pasang shio 7 tunggal angka [ACCT]....ingat maharnya pulsa 100rb dikirim ke no 0823...xxx khusus putaran SGP SENIN,uncategorized
Anda mempunyai 3 pesan suara dari [PHONE]; untuk mendengarkan pesan suara anda silahkan tekan *886*10000*[PHONE]# tekan OK/YA. Bebas biaya. Terima kasih,uncategorized
Anda pmain togel sring kalah.mau bagi hasil. MBAH JOKO bisah mbntu anda SIO/ANGKA dari RETUWAL Berminat. Hub : MBAH JOKO.di. [PHONE] Dijamin 100% tembus,uncategorized
"ANEKA SHOP Berbagi Promo Type Blackberry DAKOTA 2,4 jt, TOURCH 1,7 jt, ONIX.2 1,5 jt, GEMINI 800 rb, U/Pemesanan [PHONE] Pin BB-2A96DE82 www.aneka999.blogspot.com",uncategorized
Anyonghaseyo! Ngaku KPOPers Sejati?? Ayo lengkapi koleksi Video Kpopmu di http://kpop.xl.co.id. Skrg Harga video lebih murah loh! Info*123*2200#,uncategorized
"Artha Cell diskon Brg elektronik BB Dakota 3 juta BB Onyx3 2,8 jt Camera DLL HUB Sms ke : [PHONE] Pin BB 28BDDF4D www.arthajaya-cell.blogspot.com",uncategorized
"Ass, mengenai rumah dan tanah yg kemarin, sy sdah survei, sy mrasa cocok, untuk nego harga hubungi atau sms suami saya, pak. haji. dermawan; [PHONE].",uncategorized
"Ass, Sy Randy. Mengenai mobil yg sdh sy liat kondisi'y , kebetulan kami berminat. Mohon hub Bapa sy utk dibicarakan hrg netnya; Dr.H.DARMAWAN 0812xxxxxxx",uncategorized
"Ass,maaf sy WAHYU.mengenai Mobil bpk yg mau di jual sy sudah lihat dan cocok, Untuk nego hrg silahkan Hub saudara sy di [PHONE] dgn pak JUSMAN SAFEI (TP)",uncategorized
Ass. Maaf sy by hj.suri yang kemarin survey rumah anda. Mengenai harga bisa hub suami saya H. SIGIT tlp [PHONE].terima kasih,uncategorized
"Ass.sy SUGIYONO yg tempo hari mngenai mobil TOYOTANYA,sy brminat,cocok,tlong hub sodara sy dlu,untuk negosiasi harganya. A/N;ABDULLAH HP;[PHONE]",uncategorized
"Assalamu alaikum,saya RESKI dr Costumer Servis TRI PLAZA SEMANGGI lt.1 JL.jend sudirman jkt pst sdh m-hubungi anda waktu pengundian di lakukan tapi no.anda tdk tersambung, jd kami krimkn lwt SMS sebelum jatuh tempo, bahwa no.anda menang undian dr TRI 2014 jenis hadiah 1unit mobil SUZUKI ERTIGA NEW,dengan PIN 2D45CS77, jadi silahkan cek terlebih dahulu di website; www.tricare.jimdo.com /hub; [ACCT] / [PHONE]",uncategorized
"Assalamu alaiqum, nenek masuk rumah sakit tolong kirimkan dulu ulsa 50 ribu di nomor ini [PHONE], mau telpon nanti di rumah sakit saya ganti uangnya.",uncategorized
ayah isikan pulsa xl 50rb di no [PHONE] sekarang penting,uncategorized
"Bapak tukokno pulsa AS ndisek 20ribu iki nmrku anyar [PHONE] cepet saiki tak enteni,penteng bpk ada msalah dikantor polisi,jangan dulu sms/tlp",uncategorized
"BELANJA ONLINE Promo Disc 50% BB Dakota 2,8jt BB Onyx3 2,2jt BB Z10 3,5jt DLL, Info/sms: [PHONE] PIN:BB.2A03F3F2 Atau Klik: www.jaya-olshop.blogspot.com",uncategorized
BELANJA ONLINE TOKO RESKY DISCON 50% BB LAPTOP SAMSUNG IPAD NOKIA DLL U/pemesanan/order call/sms [PHONE] kunjungi web kami di www.reskiy-shop.blogspot.com,uncategorized
Belikan dulu mama pulsa simpati 20 ribu ini nomor barunya mama [PHONE]. kalau bisa kirim sekarang secepatnya penting. Ini hpnya orang mama pinjam,uncategorized
"Bella bingung bang mau nulis apa, daripada aq nulis panjang2 tapi serba salah, mending langsung ngobrol di tlpn aja deh bang ini no telp aq 0809-100-xxxx :)",uncategorized
"berkah 1000 poin"" Nomor Anda mndpt Hadiah ke-I Pin d377hi8, silahkan verifikasi Pin Pemenang di situs resmi www.berkah1000poin.wix.com/prize",uncategorized
"Berkat isi ulang pulsa No anda T,pilih sbg pemenang Cek tunai Rp.75jt dri PT.M-KIOS PIN:(5N939F7) U/INFO KLIK www.pt-mkios15.blogspot.com",uncategorized
Berkat isi ulang pulsa No Anda Terpilih sbg Pemenang kejutan tri Men-dpt cek TUNAI 100jt dr PLANET-3CARE PIN:b8337h9 cek hadiah anda di www.planet-3care2015.blogspot.com,uncategorized
"BIG SALE !!! DISCOUND 40% Z10-4,4jt IPHONE 5 32GB-3,7jt S.NOTE 2-3,8jt CAMERA, LAPTOP dll PIN BB 28AB8391 Call/sms: [PHONE] Kunjungi www.indracell.com",uncategorized
"BIG SALE 50% SINAR Blackberry -Z10 Rp.3,8jt -Dakota Rp 2,8jt -Tourch Rp 2jt -Davis Rp950 rb Infohub/sms: -[PHONE] -297CCFA7 www.snr-bb.blogspot.com",uncategorized
"Blackberry City Jual Blackberry Discond 40% Dakota 2,5jt Torch2 2,2jt Onyx3 2,1jt Davis 1,3jt Gemini 3G 1,1jt U/info Hub: Ibu.Anita [PHONE] PIN BB:29762D76",uncategorized
"BLACKBERRY ONLINE BIG SAL 50% BB Z10 Rp. 4 jt DAKOTA Rp.2,8 jt Samsung note II Rp. 3 jt Iphone 5 16GB Rp. 3jt Laptop,camera&DLL Minat, Invite to BBM PIN : 25A4FF8C",uncategorized
Bpk/Ibu Mengenai Rekening Anda Terpilih Sebagai Pemenang Cek 35jt Dri BNI U/Info klik www.promobni46.tk Kode Cek [ACCT] Hub.[PHONE],uncategorized
"Bpk/Ibu Yth, Pemilik No.[ACCT]xxx PIN Undian:4881247 Resmi m-dptkan Rp.15jt Cs: [ACCT] atau Klik: 3care2016.com",uncategorized
"BPR SYARIAH di Yogya siap melayani pembiayaan usaha anda.syarat:copy KTP,KK,Buku Nikah, cukup dg jaminan bpkb.sertipikat,proses survey cepat hub: [PHONE]",uncategorized
"Butuh Dana Tunai Cepat 25-250 Juta Dgn Bunga Rendah 1,35% Flat/Bln Proses Dijamin 3 Hari Syarat Mudah Info Ibu YANI : [PHONE]",uncategorized
CAHAYA TRAVEL TIKET Murah & promo untuk penerbangan Domestic & Internasional ONLINE BOOKING 24 jam hub [PHONE] kelik www.cahayatourtravel.com,uncategorized
"Casino online terbesar, www.jayabet4.com , daftarkan diri+ Raih bonus referral+ bonus cashback sportsbook 0.25% setiap minggu. Mainkan di Smartphone dan PC anda",uncategorized
Dapatkan E-TICKET Promo untuk penerbangan DOMESTIK & INTERNASIONAL melalui Via Online mudah & aman. Hub ; [PHONE] klick. www.mhegatravel.com,uncategorized
Dapatkan e-Tiket Murah & Promo Untuk Penerbangan Domestic & International BOOKING ONLINE Info Hub: [PHONE] www.surya-travel.jimdo.com,uncategorized
"Dapatkan Segera TIKET Murah & Promo DiTRAVEL Kmi,Untuk Penerbangan Domestik & Internasional ONLINE BOOKING 24 Jam Anda Berminat Hub:[PHONE]",uncategorized
dapatkan total hadiah ratusan juta rupiah di Kota 1000 Berkah. Caranya? Klik www.murahituim3.com/kota1000berkah Program s.d 9 Agustus 2013,uncategorized
Daptkn e-TIKET pesawat PROMO melayani Domestik and internasional booking ONLINE cepat & aman hub: [PHONE]/[PHONE] Link www.citiling-travel.com,uncategorized
"De inih bapa pake no temen, tolong kirimin pulsa ke no inih soalnya penring banget, nanti di rumah digantiin",uncategorized
"Di sini saja uangnya ditransfer ke rek Bank xxx ([ACCT]-XXX) A/N xxx, kalau sudah SMS di no ini [ACCT]xxx",uncategorized
"Di transfer saja Uang'nya ke rekening BNI ini, a/n. ISMAWATI. Rek: [ACCT]. SMS saja klo sdh kirim.",uncategorized
"Dijual ticket SUPER JUNIOR TGL 28/29 APRIL dan LADY GAGA TGL 03 JUNI harga Gold=2,25jt tribun3=1,25jt info hub;[PHONE] lady-ticket.webs.com",uncategorized
Dptkan e-tiket Promo Untuk Penerbangan Domestic & Internasional Booking ONLINE 24 jam Info Hub : [PHONE],uncategorized
"Gebyar poin plus-plus INDOSAT Edisi 2013 priode ke'9, No PIN undian anda (d377hi8) Resmi meraih hadiah, utk info; www.gebyarINDOSATpoinplus.weebly.com",uncategorized
GEBYAR telkomselpoin 2013 no anda trpilih pemenang ke-4 pin 277fg49 silahkan verifikasi pin anda disitus resmi www.t-selpoinhadiah.jimdo.com,uncategorized
"Gratis 120 menit Nelpon ke Sesama Indosat, 120 SMS ke Sesama Indosat&12 MB Internet slma 12 JAM tiap Isi Ulang 12 Rb.IsiUlang pulsamu 12Rb &Nikmati GRATISANnya",uncategorized
GRATIS 50 SMS ke sesame indosat selama 2 hari. Hanya dengna mengirimkan 50 SMS selama 10-16 Juni 2013. Bonus 1x diberikan maks 2x24jam. Info 100. US6,uncategorized
GRATIS internetan 5MB berlaku utk 7 hari hanya dg isi ulang AXISmu hari ini Rp5.000. Ayo isi ulang sekarang juga & nikmati bonusnya. Info838,uncategorized
"GRATIS Internetan hg 1000 MB, Nelpon 1000 Menit & 1000 SMS ke Sesama Indosat dg IsiUlang mulai 10Rb.Utk daftar ketik GRATIS kirim ke 123 (GRATIS) lalu isi Ulang",uncategorized
"GRATIS PULSA hingga 250rb selama 7Hari 7Malam CUMA dg isi ulang mulai 10rb. Daftar SEGERA, ketik: GRATIS krm ke123(Reg ckp 1kali)Info: ketik INFO krm ke 123",uncategorized
"GT-SHOP Disc.41% BB Z10 3jt BB Torch 2jt BB Davis 1jt Minat? Galaxy S4 3,5jt Cp.[PHONE] Pin.25A1785B Gili-SMS versi Demo. Http://www/yusiwa.com",uncategorized
"Guntur ingin berhubungan di Facebook:http://fb.com/l.1lnzH4p0lCM7ruG Balas ""stop"" unruk berhenti menerima sms Facebook.",uncategorized
Hi Trims kmu udh gabung layanan Bung Gita Bicara Bola!Dpt info menarik n Prediksi Akurat dr Bung Gita! 3info/mg 2rb/sms.Stop: unreg Gita ke 3450.CS:[ACCT],uncategorized
"HQUARTERS Business Residence Lokasi Emas-ASIA AFRIKA Bdg Hrg Prelaunch,PROFIT 140%,ROI 10%/thn Bs LIBUR Byr 2Th TSM 21Des-3Jan www.hquarters.co.id [PHONE]",uncategorized
"INDOMARCOCELL Menawarkan jdi agenPULSA MKIOS 1CHIP ke semua Oprator harga; V.5=4000, V.10=8000, V.20=16000, Cara gabung ketik:DAFTAR kirim ke [PHONE] #Melukiskan rasa ku tentang kita..",uncategorized
INDOSATpoin Plus-plus 2013 SELAMAT SimCard +6281571xxxx Resmi Terpilih M-dpt HADIAH Pin-b89c7h9-di Sahkan Oleh PT.INDOSAT info klik www.infoindosatpoin.webs.com,uncategorized
"INDOVISON PROMO: hanya 299 rbu, nikmati 2 bln berlangganan, GRATIS biaya pasang+bonus cinema 3 (3bln). hub : [PHONE], [PHONE] PIN BB 32F1C805",uncategorized
"INFO PT.M-KIOS hsil pengundian berkat isi pulsa, Selamat No.HP 0852952xxxxx m-dpt Hadiah PIN Pemenang anda 94ad653 Info klik www.berkat-isiulang-pulsa.webs.com",uncategorized
INFO RESMI !! Selamat Anda Terpilih sbgi Pemenang' semarak Undian PT.INDOFOOD INDONESIA No pin: d377hi8 Info Pin&hadiah Klik:www.semarak-undianpopmie.webs.com,uncategorized
INFO RESMI kepada bpk/ibu yang terhormat SELAMAT No ANDA Pemenang ke 2dari pesta isi ulang 3care No PIN:25e477r di undi tadi malam pkl 22:30 di SCTV U/info hadiah anda klik Www.3care16.blogspot.com,uncategorized
INFO RESMI kepada/bpk/ibu yang terhormat SELAMAT No ANDA Pemenang ke 2dari pesta isi ulang 3care. No PIN:25e477r di undi tadi malam pkl 22:30 di SCTV U/info hadiah anda klik Www.tricare16.blogspot.com,uncategorized
"INFO RESMI PT.INDOFOOD No.Anda t'dftr pemenang UNDIAN POP MIE edisi 2013 Mndptkn 1unit ""NISSAN JUKE"" PIN;a1c5h79 info,kunjungi;www.popmieget.webs.com",uncategorized
INFO RESMI PT.INDOFOOD slmt No.anda T.dftar pmnang ke2.POP MIE 2013 Meraih HADIAH 1 Unit 'NISSAN JUKE' dgn pin;12xb9v2 U/info kunjungi www.popmie200.webs.com,uncategorized
INFO RESMI PT.TRI CARE PIN Pemenang ( 8jf2177 ) anda m-dptkan HADIAH I unit TOYOTA YARIS U/Info cek pin klik: www.tricare2015.blogspot.com,uncategorized
Info resmi pt.tri care pin pemenang (8jf2177) Simcard anda resmi mendapatkan hadiah 1 unit toyota yaris dari no [ACCT]××××,uncategorized
INFO RESMI PT.TRI.3 SimCard anda Resmi M-dptkan Hadiah MOBIL MAZDA-2 KODE PIN: E2747MLB Info Hub: [PHONE] KLIK: www.inforesmi3care.com,uncategorized
INFO RESMI SELAMAT!!! NO simCARD Anda Men_dptkn Uang Tunai Rp 45jt. Dr PT.INDOSAT PIN(TBL48VG) info Hub: [PHONE] A/u klik www.indosat-info2013.jimdo.com,uncategorized
INFO RESMI Tri Care SELAMAT Nomor Anda terpilih mendapatkan Hadiah 1 Unit MOBIL Dri Tri Care Dengan PIN Pemenang: br25h99 info: www.gebeyar-3care.tk,uncategorized
"INFO RESMI: PT.INDOFOOD Selamat Anda M-DPT MOBIL NISSAN JUKE, Kejutan Pop Mie. PIN:2F5C4D7 HUBUNGI:[PHONE] DRS.H.NALDISUPARMAN www.gebyarpopmie40.webs.com",uncategorized
"INFO. DANA TUNAI TANPA JAMINAN 20 - 250 JUTA, BUNGA 1,50%, SYARAT PEMILIK KARTU KREDIT PROSES 3 HARI KERJA CALL. FIRLI [ACCT]",uncategorized
"INFO. pinjaman tanpa agunan 10 - 150 jt, Standart Chartered Bank syarat copy KTP, copy kartu kredit, RESMI, MINAT hub : akbar > [ACCT] / [PHONE] , trimksh.",uncategorized
"INFO:jk anda mau jual Rmh,tanah,mobil,produk/jasa dll PROMOSIKAN sj dg SMS MASSAL biasa hny Rp. 50.000untuk sebar ke10.000 no HP(2jam) hub: [PHONE] jogja",uncategorized
"Ingin Tahu Angka Jitu! Yg Keluar Putaran Pada Hari ini 20/01/2013 Hubungi : [PHONE]. mbah TOGEL semarang ""Jamin 100% Tembus"" Raja SHIO (Buka 24 Jam)",uncategorized
"Ini bpk pnjam hp orng, tlng bliin bpk pls 50rb, krm ke nomr brunya bpk=[PHONE], bpk lagi ada msalh di kantor polisi, jgn tlp/sms nnti bpk yg tlp, penting",uncategorized
"Ini bpk tolong belikan dulu pulsa 20ribu di no barunya bpk karna lagi ada masalah di kantor polisi dan jangan dulu tlp/sms nanti bpk yg tlp, penting.",uncategorized
Ini no rekeningnya BRI.A/n.A.SRI NARTI NO.rek.[ACCT].,uncategorized
"ini nomor baru papa, tolong kirimin pulsa 50.000 ke nomor baru papa [PHONE]. Papa lagi di kantor polisi, ada masalah. Jangan telepon Papa.",uncategorized
Ini nomor rekeningnya: [ACCT]. BRI a/n Andika Septiana.,uncategorized
ini rekeningnya bank bri.no/rek.[ACCT].a/n:IR MAYANI,uncategorized
Ini Rekeningnya BANK MANDIRI. NO.Rek:[ACCT].A/n: MURTIANI,uncategorized
Ini Rekeningnya BRI. Rek: [PHONE]06 A/n.RASTO MURDOYO.,uncategorized
Ini rekeningnya mandiri : [ACCT] a.n reza prasetya,uncategorized
Ini Rekeningnya. bank MANDIRI. a/n: ALI SYAMSUDIN. rek: [ACCT],uncategorized
"Ini, Rekeningnya. Bank BNI No.rek.[ACCT] A/n.WAHYUDI ALAMSYAH sms klo sudah dikirim",uncategorized
"ISI PULSA lebih untung di MYVPLUS! selain dpt PULSA kamu bisa lsg dpt voucher diskon, dpt hadiah dan juga dpt point. Yuk klik : http://bit.ly/Myvplus",uncategorized
Isi ulang Pulsa Rp.5000 regular oleh HD COM 4 SUKSES pada 09/02 12:34.Ref:[ACCT].GRATIS PULSA sd 250rb hg 7Hr 7Mlm.Ktk:GRATIS krm ke 123,uncategorized
Isi ulang Pulsa Rp.5000 Regular oleh PUTERA SUKSES pada 11/02 19:57.Ref:[ACCT].GRATIS PULSA sd 250rb hg 7Hr 7Mlm.Ktk:GRATIS krm ke 123,uncategorized
Jika anda butuh ANGKA jitu GAIB 2D_3D_4D_SGP Yang dijamin 99% tembus. Silahkan SMS [PHONE] MASTERTOGEL,uncategorized
"Kak, kirimkan dulu pulsa25rb di no baruku ini [PHONE]",uncategorized
"Kami dr Ktr INDOSAT sdh hub nmr anda tp tdk trsambung,jd kami krm SMS bhw no anda mendpt mobil JAGUAR PIN;d377hi8 info www.kejutanindosat-plusplus.weebly.com",uncategorized
Kami sdh mnghubungi tdk trsambung SIM CARD anda mendapatkan hadiah ketiga dri PT.AXIS pin [[ACCT]] Klik www.hadiah-ptaxis.blogspot.co.id,uncategorized
"Kejutan POIN, hadian Rp 15 jt resmi diberikan untuk pemilik nomor 0812330xxxx. PIN-x7af2547. Untuk Info Kantor Pusat TELKOMSEL [ACCT], [ACCT].",uncategorized
"Kemudahan dan Keamanan bisnis TOGEL kini Berbentuk online, Bergabung dan raih keberuntungan anda di www.brotogel6.com Satu-satunya situs togel online terpercaya",uncategorized
Kepada yth bpk/ibu pelanggan tri saya sumargani dr OPERATOR tri plaza semanggi lt1 jl jend sudirman kav50 jkt pst kirim sms krn nmr anda sulit saya hubungi dengan hal sebagai berikut nmr anda mendapat HADIAH dr promo undian 2013 HADIAH KE4 SUZUKI ERTIGA PIN ANDA:7t899b3 info.www.promotri2013.jimdo.com,uncategorized
Keputusan resmi 3care selamat No.anda Terpilih M'dpt Tabungan Rp.35jt Pin:M902CX8J info kelik www.programisiulang3care.tk,uncategorized
"Kesempatan jadi AGEN PULSA MKIOS ALL Operator harga V5=4500, V10=8500, V20=18rb, V25=23rb, V50=45rb, V100=90rb Cara Ketik Daftar kirim ke [PHONE]",uncategorized
"Kesempatan menjadi agen pulsa/ALL Operator MKIOS, Harga murah; 5=4500, 10=8500, 20=18000, 25=22000, 50=45000, Ketik GABUNG Kirim ke [PHONE]",uncategorized
Kirim ke Bank BCA No. Rek : [ACCT] A/n : ANDRIANTO DJUNAEDI usahakan hari ini trms,uncategorized
"Kirim ke MANDIRI aja, a/n ARYA. rek: [ACCT]. klo sudah kabarin ya!",uncategorized
Kirimi dulu pulsa 20ewu di no ini [PHONE] Mas Agus,uncategorized
km dari BANK BRI Sdh tlp tdk bs jd km SMS No.PIN Pemenang anda KG65H8K9 M-dpt HADIAH dari Untung Bliung BritAma Info klik www.HadiahkejutangBri.blogspot.com,uncategorized
"Krim ke BNI aja a/n Ayu Suryani no rek [ACCT], klo sudah dikirim kabarin ya!",uncategorized
Layanan VIP GAMES Rp3300/sms 4x/mgg sdh diperpanjang.Nikmati layanan disini:http://live.vipgames.me/?sid=[ACCT] stop? *123*66#. CS:[ACCT],uncategorized
"Ma"" belikan dulu besok pulsa 20rbu di no baruku ini [PHONE] penting",uncategorized
"ma, isi dl pulsa 20 rb di nmr ini [PHONE]",uncategorized
Maaf kami sdah menghubungi tpi tdak tersambung No.Anda resmi meraih hadiah ke-2 dari PT.M-KIOS pin;M248K81 u/info hadiah klik; www.hadiah-mkios17.blogspot.com,uncategorized
Maaf kami sudah menghubungi tapi tidak tersambung No Anda meraih hadiah ke-2 dr. PT.MKIOS pin Anda M248K81 cek pin Anda di. www.pusat-m-kios7.blogspot.com,uncategorized
Maaf kami sudah menghubungi tapi tidak tersambung Selamat No.Anda resmi meraih hadiah ke-3 dari PT.3CARE Pin ;b8337h9 u/info klik www.hadiah3care-2016.blogspot.com,uncategorized
maaf kami sudah menghubungi tpi tdk tersmbung No.anda resmi meraih hadiah ke-2 dri PT.MKIOS PIN;M248K81 cek pin anda di www.hadiahresmi-mkios29.blogspot.com,uncategorized
"Maaf saya Bu Nur, tanah yang di tanjung api-api saya sudah lihat dan sudah cocok, untuk masalah harga tolong hubungi suami saya aja, pak H.SULAIMAN di no hp. 08xxxxxx, karena kebetulan saya ada acara.Tks",uncategorized
"Maaf' Soal Angsuran bulan ini Pembayaran harus melalui ke bpk.Yogi, HP: [PHONE], soalnya sdh dikuasakan",uncategorized
"Maaf tolong uangnya ditransfer saja ke Bank xxx An. xxx No.Rek 2952149xxx, bila sudah ditransfer SMS saja, terima kasih",uncategorized
"Maaf, hanya iklan penawaran pinjaman uang tunai tanpa jaminan KTA 5JT s.d 200JT dg KTP d KARTU KREDIT, Bunga Flat, simpan sms ni a/hub. [PHONE] ; [ACCT]",uncategorized
"Maaf‟ Cuma ingatkan soal kontrakan kalau mau diteruskan/bayar, Harap ke Bpk Chandra, No: [PHONE], Soalnya sys dh kuasakan sepenuhnya. Maaf Cuma sms",uncategorized
"Maaf…! saya bu RATNA meganai RUMAH saya Sudah liat, soalnya saya lagi di bandara silahkan hubungi suami saya H. ARIF ISKANDAR,SE hp:[PHONE] trims.",uncategorized
"Mah,esian plz kna no [PHONE] nu 20 rbu ayena",uncategorized
"Mamah pangmeserkeun heula pulsa As, 20 rb,kana nomor ieu, [PHONE] tong nelpon nuju riiweh ayeuna penting!",uncategorized
"Manfaatkan fasilitas pinjaman tanpa jaminan, syarat F.copy KTP, Kartu kredit, proses 3 hari kerja, info, hub: Rasti [ACCT]",uncategorized
Manfaatkan segera creditCard anda utk apply pinjaman 20-250jt ada cashback berminat hub: Bintang [ACCT].tks,uncategorized
Mau Liburan Gratis ke Lombok Sambil Belajar Foto? Klik http://goo.gl/FVcnW .Paket Internet HANYA Rp1500 dpt 7MB/1hr. hub *100*15# .Cek status paket di *889# <<,uncategorized
Mau Nissan Juke?Ayo beli POPMIE skrg dan kirim kodenya di *200*200*Kodeuniq# siapa tahu kamu pemenangnya.Hati2 penipuan CS:[ACCT] klik http://goo.gl/dm7PK,uncategorized
Mau Uang Tunai 1jt?Ayo gabung layanan Video Cliponyu & Keluarkan jurus gombal-mu yg paling dahsyat utk host2 cantik Cliponyu. Ketik CLIP ke 99900.CS:[ACCT],uncategorized
"MEGA CELL Cari agen pulsa 1 Cip ke semua Operator Harga : V.5 = 4000 V.10 =8000 V.20 =16rb, dll Berminat ketik INFO kirim ke :[PHONE]",uncategorized
"MEGA PRIMA TAMA PROMO DISCON 20-50% Blackberry dacota rp. 2.700.000 onyx 2 rp. 1,8 iphon,ipad Laptop, Camera, DLL INFO www.megaprimatama.com PIN BB 2A9EA404",uncategorized
meganai Ruma bpk/ibu yg mau di jual sd di surpai dan sy berminat sy tlpn tdk bisa tembus masalah harga hub suami sy [PHONE] Dr.H.IRAWAN,uncategorized
"Melayani fasilitas pinjaman dana tunai melalui jaminan BPKB mobil. Cover area seluruh daerah Indonesia..bunga 0,8 -1% flat /bulan, No BI Cheking, proses cepat,, data lngsng dijemput pihak survey kami(BFI finance) Hub Oktra Mariadi Sihaloho Cp : [PHONE]",uncategorized
"MELEJIT PINTAR,kursus suami-isteri aktifasi smangat bljr&penguatan fungsi i=otak anak agar prestasi mningkat.Telepon [ACCT] atau ketik OK sms ke [PHONE]",uncategorized
"Mengenai Rumah Bpk/Ibu yg mau di jual sdh di survey dan sy berminat,sy telpon tdk bisa tembus. masalah hrg hub suami sy. [PHONE] Dr.H.IRAWAN",uncategorized
"Mengenai Uang kontrakan kalau Masih Mau Di terusin Harap ke bpk, Suyono, Nomor Hp: [PHONE], Soalnya shd sya kuasakan Penuh ke dia, Maaf Cuma sms",uncategorized
"MODAL USAHA : Solusi keuangan anda hanya copy ktp, kartu kredit, npwp, no rek pribdi bisa dapat 125 - 200 jt dr bank hub LIA di [PHONE][ACCT]",uncategorized
"Mohon maaf, Promosi pinjaman uang tunai, syarat copy kartu kredit, bunga mulai 1,5 % bln, gratis asuransi, hub ANI 021 - [ACCT] / LIA 021 - [ACCT] , proses cepat",uncategorized
"Mudahnya KTA baru untuk pinjaman s/d 200 jt.. bunga 1,5% & gratis asuransi.. copy KTP dan kartu kredit atau slip gaji Hub: mido 021 - [ACCT]",uncategorized
"NAGAMAS ELECKTRONIK BB Dakota>2,4jt BB Davis>900rb BB Gemini>rbq BB Torch>1,7jt DLL Call. [PHONE] Sms. [PHONE] Pin BB: 2A550530 www.nagamas-cell.com",uncategorized
Nak ini ayah. Tolong kirimin ayah uang 500rb ke no rek [ACCT] a/n Yanti. Ayah lg dikantor polisi ngurus surat tilang. Mks,uncategorized
Nanti kalau mau di bayar/di transfer harap hubungi dulu atasan saya Bpk ARDIANSA no tlp; [PHONE] soalnya ada perubahan pembayaran trima kasih.,uncategorized
"Nanti kalau mau transfer, tipon dulu di no baru saya ini. [PHONE] soalnya ada perubahan no rekening. terima kasih",uncategorized
"Nasabah Bank BRI Yth, Selamat Anda Mndptkan Cek Tunai Rp.27jt dari BANK RAKYAT INDONESIA Pin : (ijh76k79) u/Info klik dan Kunjungi :www.hadiahBRI.blogspot.com",uncategorized
Nasabah BANK BRI yth; No Rek Anda Mdpt hadiah Cek Rp. 27jt Dari BRI UNTUNG BELIUNG BRITAMA Pin Anda: (ijh76k79) Info klik di www.info,uncategorized
Nasabah BRI yth. Anda dapat cek. 27.juta dari undian BRI Kode triplle cek anda ([ACCT]) info hadiah klik www.bripusat2016.blogspot.com,uncategorized
Nasabah BRI Yth. Norek anda terpilih sebagai pemenang UNDIAN BRI-2016 KODE PIN anda (ijh76k79) U\info HADIAH anda klik: www.undian2016bri.blogspot.co.id,uncategorized
"NASABAH Yth, Anda Di Minta Menghub BRI Prihal Tabugan Anda dapat Cek Rp.27jt dri BRI dgn KODE CEK: [ACCT] INFO Klik: www.callcenterbankbri.blogspot.co.id",uncategorized
Nasabah yth.rekning tbungn anda ERROR&hrus di monitor ulang agar bisa di gunakn kmbli.maaf sblum ke kntor hrap hub pk ARYADHI dlu di.[PHONE].tks,uncategorized
Nasabah Yth: Rek anda mndpt cek Rp.27jt kode cek anda ([ACCT]) Info Hub: [PHONE]. atau klik www.hadiahbankbri2016.blogspot.co.id,uncategorized
"NASIB:Berbagi, berbakti Rutinkan 2 hal ini Maka ringanlah beban2 hidup. dpt wallppr di http://m.m4in.biz/r?74WhuM STOP: *123*66# / ketik UNREG NASIB ke 92828 CS: [PHONE]",uncategorized
NASIB:Nutrisi otak slh 1 nya berfikir positif. klo sdh segala hal bs jd ilmu. dpt wallppr di http://m.m4in.biz/r?jXPC42 STOP: *123*66# / ketik UNREG NASIB ke 92828 CS: [PHONE],uncategorized
NFO RESMI Nomor Anda:089772xxxxx Terpilih Men-dpt HADIAH Langsung Dari PT.TRI 3Care PIN.Pemenang Anda: F8HJ7TL Utk/Info Lengkap klik; www.HadiahTri3Care.blogspot.com,uncategorized
No.ID Pengisian pulsa M-Tronil Anda (672AT88) Mendapatkan HADIAH PROGRAM Poin isi ulang M-Tronik U/info Resmi Pemenang klik www.isiulangmtronik.webs.com,uncategorized
Pangmeulikeun heula pulsa bpa anu simpati 20ribu we ke digantian ku bpa ieu nomor na nya [PHONE],uncategorized
Pelanggan Yth SimCARD Anda M-dptkan Cek Tuanai Rp:27jt Dari PT.TRICARE INDONESIA Pin Anda HDR7JN7 U/Cek Pin Kunjungi www.programundiantricare-2015.blogspot.co.id,uncategorized
Pelanggan Yth Slmt kartu GSM Anda men-dpt TABUNGAN HAJI Rp100jt dari Kopi jahe HUT ke 61 no PIN 25efg477r U/info sgr Hub : [PHONE] pelaksana PT. SIDOMUNCUL,uncategorized
"Pelanggan yth, Anda mendapatkan hadiah ke (2) dari, POIN PLUS PLUS INDOSAT. Pin pemenang: b89c7h9 info pemenang klik www.indosatpoinplus-7887.webs.com",uncategorized
"Pelanggan Yth, Selamat, Anda men-dpt hadiah dr: Pengundian PT . INDOFOOD POPMIE pin anda FH53X77, U/info klik:www.pop-mie-indofood.webs.com",uncategorized
"Pelanggan yth,saya mba muliani operator Tri. Telah menghubungi anda tapi tidak tersambung jadi informasi ini saya sampaikan lewat SMS sebelum hadiahnya jatuh tempo. Selamat nomor Tri anda menang undian dr pesta isi ulang pulsa,Pin pemenang (25b17h) segera hubungi kantor Tri jakarta. Tlp; [PHONE] info klik: www.3tricard.blogspot.com",uncategorized
"Pelanggan yth,saya REZKY operator TRI, telah menghubungi anda tapi tidak tersambung jadi informasi ini saya sampaikan lewat SMS sebelum hadiahnya jatuh tempo, selamat no Tri anda menang undian dr pesta akhir tahun TRI Pin pemenang (2547afr) Info klik; www.bonus-tri75.blogspot.com",uncategorized
"Pelanggan Yth. kami dri kantor TRI jakarta sdh menghubungi No anda tpi tdk tersambung, Informasi ini kami sampaikan lewat sms, No Anda trpilih memenangkan HADIAH Cek Rp.35juta.dri Undian isi ulanag TRI-2016,PIN undian anda.(2547afr) U/Info;[PHONE] KLIK; www.care27.blogspot.com",uncategorized
pelanggan yth. SIMCARD Anda sbg pemenang Mendapatkan HADIAH Mobil Toyota ALL NEW YARIS PIN:8jf2177 dari GEBYAR UNDIAN 3 CARE Untuk Info lenkap klik: www.infoundian-3care.blogspot.com,uncategorized
Pelanggan YTH. SIMCARD Anda sbg Pemenang Mendptkan HADIAH Mobil Toyota ALL NEW YARIS PIN:8JF2177 dari GEBYAR UNDIAN 3 CARE Untuk Info Lenkap Klik: www.infogebyarhadiah3care.blogspot.co.id,uncategorized
Pelanggan Yth. SIMCARD Anda sbg Pemenang Mendptkan Hadiah Mobil Toyota ALL NEW YARIS PIN:8JF2177 dari GEBYAR UNDIAN 3 CARE Untuk Info Lenkap Klik: www.infohadiah3care2016.blogspot.co.id,uncategorized
Pelanggan Yth. SIMCARD Anda sbg Pemenang Mendptkan HADIAH Mobil Toyota ALL NEW YARIS PIN:8JF2177 dari Program Pesta Akhir Tahun 3 Care Untuk Info Lenkap Klik: www.infohadiah3care2015.blogspot.co.id,uncategorized
Pelanggan Yth. TRI CARE No.XV/2015 PIN_PEMENANG ANDA 8JF2177. Mendapatkan Hadiah 1 Unit Mobil Toyota Yaris. Info klik http://tri-3.webnode.com/ UNTUK MENCOCOKKAN PIN PEMENANG ANDA,uncategorized
Pelanggan Yth..M-KIOS CELL Menawarkan pendaftaran Cip M-kios & Token PLN harga pulsa :V5: Rp.4300 V10: 8300 Utk bergabung Ketik INFO kirim ke [PHONE],uncategorized
Pelanggan Yth: Selamat! No.SimCard anda 081571xxx resmi menang undian POIN plus-plus Edisi th2014 Pin anda:er56d7 U/info klik: www.hadiah-poin.blogspot.com,uncategorized
pembayaran anda sudah jatuh tempo silahkan melapor/M-HUB ke Kantor [PHONE] terima kasih,uncategorized
Pembayaran'nya bulan ini kalau mau di bayar harap telpon/sms dulu ke atasan kami Bpk.DEDY. Hp;[PHONE].Terima kasih.,uncategorized
"Penawaran terbatas software SMS gateway utk iklan SMS, pilkada, sekolah, instansi, kampus dll. Harga promo rp. 100.000 hub:jasa advertising corp [PHONE]jam.",uncategorized
"Penyetoran Angsuran'nya kalau mau di bayar harap Tlp dlu ke atasan sy Bpk IWAN, hp.[PHONE], Dri INDOMOBIL FINANCE, Tks",uncategorized
Permintaan Anda akan segera kami proses untuk keyword REG GITA dari layanan PT. Hypermind,uncategorized
Pesan resmi dari 3care Bahwa saya mendapatkan undian ketiga uang tunai 100juta.www.tri-indonesia2016.blogspot.com,uncategorized
PESAN RESMI dari M-KIOS PESTA ISI ULANG KRT anda terpilih men-dptkan HADIAH ke-4 cek 100jt PIN:M7H7R47 hub:custumer klik: www.snmkios-ed16.blogspot.com,uncategorized
pesan resmi DARI PT.PLANET 3CARD anda mendapatkan hadiah CEK TUNAI Senilai Rp.100jt jatuh ke pemenang (3) kode PIN:bg58757 silahkan CEK di: www.planet-3care2016.blogspot.com.,uncategorized
pesan resmi dari PT.TRI CARE indonesia selamat SimCARD anda mendapatkan hadiah senilai 100 juta jatuh ke pemenang (lV) kode pin ijh76k79 silahkan cek di www.pt-tricare.com,uncategorized
"PESAN RESMI DARI PT3CARE berkat isi ulang pulsa No. anda RESMI mendapatkan hadiah.Rp. 100 juta dari 3CARE dengan PIN. pemenang anda (b8337h9) u/info klik, www.hadiahlpt3care959.blogspot.com",uncategorized
"PESAN RESMI DARI TRI3CARE, SELAMAT ANDA MNDPT HADIAH 1UNT MOBIL HONDA JAZZ RS,NO.PIN PEMENANG ANDA : 47BL759 UNTUK INFO KUNJUNGI : http://gebyar-3care2016.jimdo.com",uncategorized
PESAN RESMI dr PT.Tricare Slamat No anda tpilih mndpt HADIAH 1unit Mobil Honda JAZZ Pin Pmenang anda 454647LM u/ Info Klik:www.hadiah-tricaretbk2016.jimdo.com,uncategorized
PESAN RESMI DR TRI CARE INDONESIA 2016 Selamat No.anda mendpatkn hadiah dgn No.PIN:47BL759 U/info silahkan kunjungi: www.gebyar3care-2016.jimdo.com,uncategorized
PESAN RESMI DR TRI-CARE INDONESIA 2016 selamat No.anda mendptkn hadiah dgn No.PIN pemenang;47BL759 U/imfo silahkan kunjungi; www.bima3care2016.jimdo.com,uncategorized
"PESAN RESMI dri TRI 3Care, Slmt Anda mdpt Hadiah 1 Unit Mobil HONDA JAZZ RS. No.PIN Pemenang Anda: 47BL759. Utk Info Kunjungi: www.layanantricare-2016.jimdo.com",uncategorized
"PESAN RESMI dri TRI CARE Selamat anda m-dptkan hadiah CEK TUNAI Sebesar Rp.45jt Pin undian 94AD653, U/Info kunjungi;www.undian-bimatri.blogspot.com",uncategorized
"PESAN RESMI dri Tri Care,Selamat anda m-dptkan hadiah CEK TUNAI Sebesar Rp.45jt No:Pin undian 94AD653, U/Info kunjungi:www.pusat-bimatricare.jimdo.com",uncategorized
Pesan Resmi M-KIOS Sim Card Anda Menang Hadiah ke4 Cek 100jt Dari Promo M-KIOS PIN:M7H7R47 hub:Ir.H.SURIANTO [PHONE] klik: www.kjtn-mkiosjkt.blogspot.com,uncategorized
PESAN RESMI PT.3Care Indonesia Berkat isi Ulang No. Anda M-dptkan hadiah ke-3 Dengan kode PIN Anda (B8337H9) U/info hadiah klik; www.hadiah-pt3care34.blogspot.com,uncategorized
PESAN RESMI PT.3Care Indonesia Berkat isi Ulang No. Anda Resmi meraih hadiah ke-1 Dengan kode PIN Anda {8JF2177} U/Info Hadiahlik: www.berkat-isiulang3care.blogspot.com,uncategorized
PESAN RESMI PT.3care indonesia Mengucapkan slmt'No.simcard anda resmi meraih hadiah ke-3 dengan pin ; b8337h9 u/info hadiah klik www.pesta-hadiah3.blogspot.com,uncategorized
PESAN RESMI Selamat NO Simcard anda M-dptkam hadiah cek.Rp.35juta dr TRI CARE pin:7Y7R8K9Z info keik: www.id-tricare2016.blogspot.com,uncategorized
PESAN RESMI Selamat No Simcard Anda M-dptkan Hadiah Cek Rp.100juta dr TRI CARE Pin: 7Y7R8K9Z Info Kelik: www.gebyar3care15.blogspot.com,uncategorized
PESAN RESMI Selamat No Simcard Anda M-dptkan Hadiah Cek Rp.100juta dr TRI CARE Pin: 7Y7R8K9Z Info Kelik:www.situstricare77.blogspot.com,uncategorized
PESAN RESMI Selamat No. Simcard Anda M-dptkan hadiah Cek Rp.100juta dr TRI CARE Pin: 7Y7R8K9Z [PHONE] Info klik: www.bima3care78.blogspot.com,uncategorized
PESAN RESMI Selamat No. Simcard Anda M-dptkan hadiah Cek Rp.100juta dr TRI CARE Pin: 7Y7R8K9Z Info klik: www.bima3careindo.blogspot.com,uncategorized
"PESAN RESMI Tri No. XV/15 PIN PEMENANG ANDA 67YTG44 TERPILIH SEBAGAI PEMENANG KE II HADIAH CEK TUNAI 45 JT INFO LENGKAP .TRI KLIK WWW.3-INFO.WEBNODE.COM DARI NOMER. [PHONE] TERUS ADA SMS .MAAF,SAYA MAU TELEPON BISA DARI NO [PHONE]",uncategorized
Pesta m-tronik Anda sebagai Pelanggan setia m-tronik terpilih sbgi pemenang ke[2] pin pemenang; [25e477r] u/info klik www.gebyarhadiah2016.com,uncategorized
PESTA M-TRONIK!! Anda sebagai pelanggan Setia M-Tronik terpilih Pemenang HADIAH ke(3) PIN pemenang:2AIU87E U/info klik www.info-undianmtronik.jimdo.com,uncategorized
"Pinjaman s/d 1 miliard jaminan bpkb mobil/truck min th 1998. Bunga 0,8%. Syarat mudah. Proses1hari PT. Bunas Finance Tbk (cover all wilayah) ANDI [PHONE]",uncategorized
"PLENETCELL Cari agen U/jual pulsa All operator Harga pulsa, P5=4500 P10=8500 P20=17rb Untuk info ketik:INFO kirim ke: [PHONE] Atau Hhb CS: [PHONE]",uncategorized
"Plg Yth No,simcard anda men-dptkan 1'unit TOYOTA ALL NEW YARIS di GEBYAR TRIcare.pin pmnang 8JF2177. U/info hub:[PHONE] atau klik:www.data-tricare.jimdo.com",uncategorized
plg yth no. Anda terpilih menang cek Rp.100jt dr PT.TELKOMSEL HUT TELKOMSEL Ke-17 thn 2012 hub call center:[PHONE],uncategorized
"Plg Yth! No' Anda 081310xx m-dpt Hadiah All new avanza dr PT.TELKOMSEL PIN Anda:b89c7h9 Info klik: www.tsel-resmi777.jimdo.comA/hub;001[PHONE],",uncategorized
"Plg yth, selamat nomor 3Care anda terpilih mendptkan Hadiah Cek tunai Rp.45jt dr program Undian 3care PIN:7711CA88 Info klik: www.tricare2016.jimdo.com",uncategorized
"Plg Yth,no Anda men-dpt hadiah dr: pengundiang PT. INDOSAT pin anda:b89c7h9 U/Melihat hadiah Anda klik: www.pemenangindosat-poin.webs.com",uncategorized
Plg Yth: Simcard anda mendptkan bonus poin plus-plus 555 dr:PT.INDOSAT pin anda:277fg49 u/info klik di www.indosat-555.blogspot.com atau Hub:[ACCT].,uncategorized
Plg/Yth!! nomor anda resmi terpilih sebagai pemenang hadiah ke-2 dari PT.M- tronik No Pin: 2g43f79 U/Info pengurusan hadiah anda klik:www.gebyarmtronik.tk,uncategorized
Plgn Yth ! Anda mendpt hadiah (1) unit mobil SUZUKI ERTIGA dari PT.HM SAMPOERNA Tbk. pin anda:F77A47H u/info klik www.sampoernatbk.co.nf,uncategorized
"plgn yth,saya h.rian harino opoerator tri tlah menghubungi anda tapi tidak tersambung jdi informasi ini saya sampaikan lwt sms,sblum hadiah jatuh tempo,selamat no tri anda menang undian dari 3care no pin pemenang anda MG75K7,segera hub kantor tri jakarta;[PHONE]/info klik www.kejutanundiantri.blogspot.com",uncategorized
"plgn yth,TRI dan MNCTV sudah mengumumkan nomor anda pada tgl:03-Maret-2015 pagi tapi tdk tersambung jadi saya DESI HERMAWATI Costumer Servis TRI di PLAZA SEMANGGI Lt1 jl,JEND SUDIRMAN KAV50 JKT PST Mengirimkan sms penting sebelum jatuh tempo bahwa nomor simcard tri anda menang undian PESTA INTERNET TRI hadiah ke2 TOYOTA NEW YARIS,PIN anda:2d7id99.Info resmi klik;www.internet-tri.jimdo.com",uncategorized
"Plgn yth,TRI dan MNCTV sudah mengumumkan nomor Anda pd tgl 5 Agustus 2015 Tapi tdk dpt trsmbung jadi saya DESY HERMAWATI dr PT.HUTCHISON TRI di PLAZA SEMANGGI lt 1 jl.jend Sudirman kav 50 jkt pst kirim SMS sblum jtuh tempo bhwa NO simcard anda menang undian PESTA POIN TRI hadiah ke2 TOYOTA ALL NEW YARIS pin Anda .2d7id99 klik situs resmi di,www.my-tri2015.jimdo.com",uncategorized
Pnjaman mudah tnpa jaminan. proses sangat cepat. Syrt : ft cpy ktp dan krtu kredit. bila berminat Call : ARI di [ACCT],uncategorized
"PROMO BLACKBERRY BB DAKOTA 2,9jt BB Torch 2jt BB Davis 1,5jt BB Onyx 1,4jt BB Gemini 950rb Berminat hub : [PHONE] Promo terbatas*",uncategorized
PROMO BLACKBERRY BB Dakota 2jt BB Torch 1.5jt BB Davis 1.3jt BB Orlando 1.8jt BB Gemini 950rb Berminat Hub : [PHONE] Promo terbatas,uncategorized
"PROMO CUCI GUDANG Blackberry, samsung, apple, dan laptop beli 2 dpt 3 info call : [PHONE], pin bb ; [ACCT] FB ; caturgadget@ymail.com",uncategorized
"PROMO LEBARAN.Paket Service Motor+Olie HANYA 35rb(harga biasa Rp42rb)ada di Genuine Oil+GOP SHOP,Info [PHONE]berlaku 15jui-15aug2013.www.genuineoil.co.id",uncategorized
"Promo Terbaru Toko Artha jaya BB Dakota 3 jt Iphone5 3,5 jt BB Onyx3 2,8 jt Camera DLL Call Sms Ke : [PHONE]",uncategorized
PT M-TRONIK Telah hubungi anda namun tdk tersambung no anda resmi meraih hadiah ke-2 pin 25e477r cek hadiah anda di www.hadiahmtronik-2016.tk,uncategorized
PT. GARSINDO Cari agen jual pulsa M-kios All Operator transaksi 24 jam dgn harga ; V5 = 4500 V10=8500 V20= 18000 U/Gabung kirim ke :[PHONE],uncategorized
"PT. INDOFOOD tbk Menyampaikan bahwa anda terpilih pemenang HADIAH ke(3) dari promo POPMIE dengan PIN:2aiu87e, Utk/ info klik www.promoundian-popmie.jimdo.com",uncategorized
"PT. Pertamina persero menerima karyawan(i) Lulusan SMK, D1,D2,D3,S1&S2 kirim lamaran,CV,Ijazah,photo4x6 & notip ke email: pertaminareckrutment@ymail.com",uncategorized
PT.BNI (persero) Tbk. Rekening Anda Terpilih dapat Rp.27jt Dari Rejeki Bni Taplus. Kode Cek [ACCT] Silahkan Klik www.bnitaplus46.tk,uncategorized
"PT.INDOFOOD.tbk menyampaikan bahwa anda telah resmi menangkan uang Rp.49jt dari pop mie No.PIN XY7QD77, Info lengkap Klik www.undianindofood-tbk.jimdo.com",uncategorized
PT.MTRONIK Berkah isi ulang pulsa m.tronik no. anda m-dptkan hadiah ke-2 dengan pin pemenang(25e477r) u/info klik; www.undianmtronik75.blogspot.com,uncategorized
PT.TRI CARE PIN Pemenang ( •••••• ) anda m-dptkan HADIAH I unit TOYOTA YARIS U/Info cek pin klik: www.tricare2015.blogspot.com,uncategorized
PT.TRI CARE Selamat!!! simcard anda mendapatkan hadiah 1 Unit TOYOTA AVANZA Dengan pin: (F8HJ7TL) untuk info klik: www.hadiah-tri3care2016.blogspot.co.id,uncategorized
PT.TRI No.V11-3/16 Slamat No.SimCARD Anda mraih CEK TUNAI Rp.35Jt Program ISI ULANG PULSA Pin:M902CX8J Info Klik: www.Bonus3tri.com,uncategorized
"RESMI dari indosat NO anda 0815XXXXXXX terpilih sebagai pemenang poin plus-plus PIN Pemenang Anda (b89c7h9) u/info klik www.semarak-poinplusplus-2013.webs.com"" (sms ini dikirim dari no [PHONE])",uncategorized
RESMI TRI CARE Pin pemenang Anda_8JF2177 Medptkan 1/Unit TOYOTA YARIS U/Info Lanjut klik: www.gebyar3care.jimdo.com CS:[ACCT]/[PHONE],uncategorized
"RUMAH&TANAH yg mau di jual,sy IBU AYU sdh SURVEI dan berminat u/membeli Mslh hrg Mhn hub suami saya [PHONE] Dr.HJ.SOPIAN",uncategorized
"Saya ARUM K PRASODJO operator TRI JKT PST bekerja sama dengan PT.POS PERSERO membuat surat pemberitahuan untuk anda tapi alamat registrasi kartu TRI anda tidak di temukan jadi kami kirim lewat sms info ini.SELAMAT!,Nomor anda menang undian TRI yang di siarkan di MNCtv tgl 11-agustus 2015 sebagai pemenang ke2 dengan pin undian;333342M.Lengkapi prosedur hadiah anda sebelum jatuh tempo klik;http//www.gebyar-trichampions.jimdo.com.",uncategorized
"saya td pagi juga dapat sms. PT.TRI.3SimCard anda Resmi M-dptkan Hadiah HONDA JAZZ Rs. Kode Pin:477BFG7S, Info Hub:[PHONE] KLIK:www.pusat-tri.blogspot.com",uncategorized
"Sayang belikn aq pulsa di nmr ini, [PHONE], nanti aq yg telp km, ini aq pake hp tmn, skrg yacc!",uncategorized
Sayang sekali kamu kalah cepat. Tapi jangan khawatir! Ayo coba lagi di sesi berikutnya! * Pastikan kamu membaca pesan dari LINE Indonesia untuk mendapatkan info mengenai waktu dan hadiah pada event sesi berikutnya,uncategorized
"Sebelum di bayar /di transfer harap hubungi dulu atasan saya,bpk ARDIANSAH no tlp;[PHONE] soalnya ada perubahan pembayaran .",uncategorized
"Segera dapatkan E-TIKET pswt hrga PROMO penerbangan Domestik & Internasional Reservasi tiket, mudah & Praktis, hub : [ACCT], [PHONE] www.Asia-travel.com",uncategorized
"Segera dptkan Ijazah D3-S1-S2 Asli Terdaftar & Akreditasi Cepat, Kilat Instan Yang Resmi Silahkan Ke: www.buatijazahs1.wordpress.com Atau Hub:[PHONE].Tks",uncategorized
Selamat !!! Anda mndptkan cek tunai Rp.27jt dr PT.Bank Rakyat Indonesia pin anda:ijh76k79 u/info klik www.bri-untungbeliung.blogspot.com atau hub:[ACCT],uncategorized
SELAMAT anda pemenang undian POP-MIE mendapatkan hadiah 1unit MOBIL NISSAN JUKE pin anda;b89c7h9 untuk info KLIK SITUS KAMI DI; www.info-undian-pop-mie.webs.com,uncategorized
SELAMAT Anda sebagai pemenang promo UNDIAN POP-MIE GETLUCKY men-dptkan 1unit MOBIL NISSAN JUKE pin anda:b89c7h9 U/INFO Klik:www.hadiah-pop-mie-2013.webs.com,uncategorized
"Selamat anda telah terdaftar member M-PULSA dengan kode agen D303-111 Pin anda 1234 Saldo anda Rp,0.- untuk menambah saldo Ketik INFO Kirim ke [PHONE]",uncategorized
Selamat anda terdftr diProg GRATIS Nelp 1000Mnt&1000SMS keISAT+Internet hg 1000MB CUMA dg IsiUlang mulai 10rb. isiUlang pulsamu&Nikmati bonusnya.Cekbns: *555*3#,uncategorized
Selamat KPD pemilik NO simCARD 085643XXXXXX mendapatkan . UANG TUNAI Rp 49jt dari PT.INDOSAT pin:RWD2749 www.indosat-poin-2013.jimdo.com atau HUB [PHONE] !spam!,uncategorized
Selamat No.SIM Card Anda M-dptkan HADIAH {1} UNIT MOBIL TOYOTA YARIS PIN:8JF2177 U/INFO Hub: [PHONE] klik www.info-hadiahtricare.blogspot.co.id awas penipuan,uncategorized
"Selamat Nomor 3care Anda terpilih Mendptkan HADIAH 1unit mobil TOYOTA YARIS, Pin pemenang anda:(8jf2177). U/Info Cek di: www.caretri.blogspot.com",uncategorized
selamat nomor 3Care anda terpilih mendptkan Hadiah Honda Jazz RS dr program Undian 3care PIN:792RW1F7 Info klik: www.tricare2016.jimdo.com Nih BANK BRI No Rekening: [ACCT] Atas Nama: Bayu Alamsyah,uncategorized
Selamat! No Anda Terpilih M-dptkan kejutan HADIAH langsung Dari 3care kode Pemenang anda b89c7h9 Utk Info Lenkap kunjungi web kami www.hadiahT3care.blogspot.com,uncategorized
"Selamat!! anda Mendpt hadiah Rp. 75 juta. Dari TELKOMSEL point ""Edisi september"" Hub kntr pusat : [PHONE] (Ir. Dwi Hartanto)",uncategorized
SELAMAT!! Anda M-dapat hadiah Satu unit mobil alphard dr TELKOMSEL info hub;001[PHONE]/kunjungi website kami di http://telkomselundian2013.jimdo.com,uncategorized
"Selamat!! Anda Men'dpt hadiah Rp.75juta. Dari TELKOMSELpoin ""Periode maret"" PIN anda(33c7) Hub kntr pusat: [PHONE] Ir.Wardoyo).",uncategorized
"Selamat!! anda Mendpt hadiah Rp. 75 juta. Dari TELKOMSEL point ""Edisi september"" Hub kntr pusat",uncategorized
Selamat!anda m-dptkan Hadiah Cek Tunai Rp. 15jt dari INDOSAT Pin_anda 277fg49 U/info pengambilan Hadiah kunjungi website indosat www.hadiah-indosat.blogspot.com,uncategorized
"Selamat!anda mdptkan satu unit MOBIL NISSAN JUKE dr PT.INDOFOOD pin_anda 27tdn55 u/info pengambilan Hadiah, kunjungi website www.popmieget-lucky.blogspot.com",uncategorized
selamat!anda mndptkan hadiah Cektunai Rp. 15jt dari INDOSAT pin_277fg49 U/info pengambilan hadiah.kunjungi website indosat www.gebyar-poinindosat.blogspot.com,uncategorized
"SELAMAT, Anda memenangkan 1 UNIT MOBIL FREED dr TELKOMSEL, Edisi THN 2013 di undi tdi mlm pkl 23:30 di RCTI U/info Hub : [PHONE] H. MULYADI Pengirim : +777",uncategorized
"Selamat,Anda M-dptkan Hadiah 1 Unit Mobil HONDA JAZZ & UANG TUNAI 35JT Rs Dr PT.TriCare PIN Pemenang Anda;477bfg7s. U/info klik: www.tricareindonesia.com",uncategorized
"Selamat,Kepada pelanggan 08157xxx Anda mendpt hadiah ke4 Dalam program POIN PLUS PLUS INDOSAT No.PIN:277fg49 info klik www.poinplus-plus-[ACCT].webs.com",uncategorized
"Selamat,No SimCard Anda Resmi M-dptkan HADIAH 1 Unit HONDA JAZZ Dari, Tri 3Care PIN PEMENANG Anda 25ZT67KM U/Info Cek Pin Klik: www.infohadiahtricare.ml",uncategorized
SELAMAT: Anda T'rpilih L'ngsung M'ndptkan Hadiah Dr PT.TELKOMSEL Rp:75jt.U/INFO Hubungi pusat: [PHONE] Drs.H.MULYADI Pelaksana:TELKOMSEL,uncategorized
"Seminar ke Denpasar Bali mewakili kemahasiswaan & kewirausahaan dapat biaya transport Rp 10 juta. Nomor Peserta 100/semnas/9997175/dikti/2011. Direktur Kemahasiswaan DIKTI Prof. Dr. Joko Purwanto, M.Si. Hubungi [PHONE] Wahyudin Zarkasi. No. referensi PTX:001/3591/0100/1572/503",uncategorized
SIM Card anda M-dptkan HADIAH 1 YUNIT MOBIL TOYOTA YARIS No.pin pemenang Anda [8JF2177] U/INFO www.hadiahtricare.blogspot.com,uncategorized
SIMCARD Anda adalah pemenang Gebyar isi ulang TRI 2015 dengan PIN:7N77F33 lakukan verifikasi sekarang juga hanya di www.idtricare.blogspot.com,uncategorized
"Slmat No anda m-dpt dana bantuan Rp.55jt'dr PT SIDOMUNCUL u/info hub;ir,HJ,MULIYADI [PHONE] PELAKSANA;PT SIDOMUNCUL",uncategorized
Slmt No Anda mendptkan Hadiah 1 unit MOBIL HONDA jazz dr promo TRI CARE 2016 dgn PIN PEMENANG:454647LM lnfo Klik:www.kejutanbimatri.blogspot.com,uncategorized
Slmt no anda resmi m/dpt hdiah Rp100jt DRI PT MKIOS pmenang ke2 pin anda[M2577] u/info;hub.pak.H RISAL DERMAWAN [PHONE] MKIOS,uncategorized
"Slmt simCARD anda 08562XXXXXX mdpat cek tunai Rp.49jt PIN (RWD2749) info CS,[PHONE] atau kunjungi www.indosat-id.jimdo.com",uncategorized
"SLMT!! No Anda men-dpt hadiah dr:pengundian PT.TELKOMSEL No pin b89c7... Untuk melihat Hadiah Anda, silakan klik : www.telkomselpoin2222.webs.com",uncategorized
Slmt!! No anda Mendpt hadiah Rp. 75 juta. dari TELKOMSEL poin. Diundi tadi mlm Pukul 23:30.wib Di RCTI.Info Hub : [PHONE].IR. SERIANTO. Pengirim : *777,uncategorized
Slmt!! No Anda Men-dptkan Hadiah dr Pengundian Poin Plus Plus INDOSAT No Pin(d377hi8) info Pemenang silahkan klik www.kejutan-indosatpoinplusplus2013.webs.com,uncategorized
Slmt!! No Anda Men-dptkan Hadiah dr Pengundian Poin Plus Plus INDOSAT No Pin(d377hi8)Utk info Pemenang silahkan klik www.kejutan-indosatpoinplus2013.webs.com,uncategorized
SLMT!!! NO anda m-dpt mobil AVANZA dr kartu AS di undi td malam di metro TV pkl : 23.00 wib u/info klik : www.telkomsell.jimdo atau/Hub : 001[PHONE],uncategorized
SLMT!!! NO anda m-dpt mobil AVANZA dr kartu AS. di undi td malam di metro TV PKL 23:00.info.kunjungi almt kami:www.Priode-.webs.com/hub:001[PHONE].TSEL,uncategorized
Slmt!!No anda Mendpt hadiah Rp.75jt.dari TELKOMSELpoin Diundi tadi mlm Pukul.23:30.wib Di RCTI.info Hub: [PHONE] Drs.H.SRIANTO Pengirim: +777,uncategorized
"SLMT!-No Anda M-dpt 1-unit Mobil all New AVANZA,Dari TELKOMSELpoin PIN_pmenan anda b89c7h9)U/info Lengkap kunjungi: www.telkomselpoin-777.pusku.com",uncategorized
"Slmt_No. Anda Mndptkn Hadiah ""GRAND PRIZE"" Uang 'Rp.100jt,dr TELKOMSEL poin No.PIN-25g47jk Hub Call Center [PHONE] Pengirim : T-Sel",uncategorized
"SMLT_Anda m-ndpt Hadiah TOYOTA ALL New AVANZA, dr TELKOMSELpoin, Pin pemenang anda b89c7h9. U/INFO Lebih lengkap kunjungi: http;//gebyartelkomsel.juplo.com",uncategorized
"solusi khusus pemegang kartu kredit, nikmati kredit tanpa angunan dari bank asing 5 - 99 jt = 1,79 % 100 - 150 jt = 1,5% hub: lukman [PHONE]1 - [ACCT]",uncategorized
"Solusi praktis khusus pemegang kartu kredit nikmati kemudahan Kredit Tanpa agunan 5 - 150jt dgn max pinj 5 X limit, HUB FANY [ACCT] ( abaikan jika tdk berminat )",uncategorized
Surat Keputusan dari Tri Care Indonesia No.XV/2015 Pin_Pemenang ANDA : 67ytg44 mendapatkan hadiah cek tunai Rp 45 jt. U/INFO kunjungi: www.id.tri.webnode.com.,uncategorized
"Surat Keputusan dari Tri Care INDONESIA No.XV/2016 PIN_PEMENANG ANDA.HH25H77 Mendapatkan Hadiah 1 Unit Mobil Honda Jazz RS,U/Info Klik:http//tri-2016.webnode.com/",uncategorized
Surat keputusan dari Tri Care INDONESIA No.XV/2016 Pin_Pemenang ANDA:67ytg44 mendapatkan HADIAH CEK TUNAI Rp.45juta U/INFO klik: www.info-undian3.webnode.com,uncategorized
Surat keputusan dari tri care indonesia no.XV\2016 pin pemenang anda 67YTG44 terpilih mendapatkan cek sebesar 45jt info kunjungi www.my-tri8.webnode.com,uncategorized
Surat Keputusan dr Tri Care No.XV/2015 PIN Pemenang Anda=M902CX8J Mendapat Cek Rp. 35juta. U/Info klik www.info-3careindonesia.tk,uncategorized
Surat Keputusan dri PT.Tri 3care No.XV/2015 Pin_Pemenan Anda 2f5c477 Ber'hasil Men-dapatkan 1 Yunit Mobil HONDA JAZZ RS.U/info Kunjungi www.situshadiah-3care.blogspot.co.id,uncategorized
Surat Keputusan Dri Tri Care No.XV/2015 Pin Pemenang 477BFG7S Mdptkan Hadiah HONDA JAZZ HUB:[ACCT] Info Pin klik: www.tricareindonesia.com,uncategorized
Surat Keputusan PT.TRI CARE Slamat No.Anda Resmi Meraih Hadiah TOYOTA YARIS PIN Undian:477FBG7S Info Hub:[PHONE] KLIK:www.pusat-tricare.com,uncategorized
Surat keputusan PT.TRI.3 SimCard anda Resmi M-dptakan Hadiah HONDA JAZZ Rs Pin Undian: 477BFG7S. Info Hub: [PHONE] KLIK : www.gebyar-tricare.com,uncategorized
Surat Keputusan PT.TRI.3 Slamat No.08966xxx Resmi M-dptkan HONDA JAZZ Rs KODE Pin:477BFG7S Info Hub:[PHONE] KLIK: www.hadiah-tricare.com,uncategorized
Surat keputusan resmi dr Tri Care No.XV/2016 PIN Pemenang Anda=39XV544F Mendpt-1 unit Mobil HONDA JAZZ Rs U/Info klik www.kejutantriindonesia.blogspot.co.id,uncategorized
Surat keputusan resmi M-KIOS NOXV/04/2016 Menyatakan No.Anda resmi meraih hadiah ke-2 dri PT.M-KIOS Pin;M248K81 u/info klik ; www.hadiah-ptmkios547.blogspot.com,uncategorized
Surat keputusan resmi SLMT'No SIM CARD anda telah T/pilih pemenang Ke-2 dri PT-M-TRONIK Pin anda:(2f54e7) U/info klik: www.cekhadiahmtronik2016.ga,uncategorized
Surat Keputusan: No.VII/T-3/16. Kode Undian: 94ad653 Selamat No.Anda mendpt Hadiah CEK TUNAI Rp.45Jt U/Info Kunjungi; www.gebyartricare.co.vu,uncategorized
Surat_keputusan dari tricare indonesia NO XV/2015 Pin pemenang 8JF2177 mendapatkan 1TOYOTA YARIS U/info Kunjungi www.tri-2015.webnode.com atau blogspot.com,uncategorized
"Sy Ajeng mendapat sms dari PT. 3Care Indonesia uang tunai Rp. 100 juta di website www.pttricare2016.blogspot.com tetapi dimintai membayar Administrasi Rp. 1,250 juta...sy juga di telpon pak Bambang Purwanto & diberi nomer rekening tujuan pembayaran Administrasi melalui Bank BRI a/n PT. TRI LESTARI bahkan dalam websitenya dicantumkan KTP Marketing Office PT. 3 Care Indonesia",uncategorized
"Sy Dr. Hj FATIMA sdh cocok mengenai Rumah dan Tanah Bpk/Ibu, tlg jgn ditawarkan lg ke yg lain. Soal Hrg negosiasi ke suami sy di [PHONE] Dr. H. HENDRA IRAWAN",uncategorized
"Sy Dr.Rimbawan(Dirmawa IPB)Yth,Jajang Roni Aunul Kholik(NIM:E[ACCT])Di minta Hbngi Skrng Prof.Dr.Ir.Yonny Koesmaryono,MS.[PHONE].Di Tunjuk Hadir Seminar Pengembangan Karakter Mahasiswa Dari Dikti Tgl 14/15 April di Htl Nusa Dua Bali,Trims.",uncategorized
"Sy RUDI di jambi, bgi tman2 yg sering kalah Togel saatnya kalahkan bandar hub mbah ROS [PHONE] di jamin tembus, sy sdh buktikan 4D 50jt.",uncategorized
"sy RUDY dri MALAYSIA Brencana investasikan uang sy Sbagai bekal hidup di indo,sy butuh org yg bisa sy percayakan uang sy RM 5jt,bila Bsedia,sms di [PHONE]",uncategorized
Terima kasih telah melakukan isi ulang di sunny15.Trx Sukses sbsar 10.000 SN:[ACCT].BYR PLNTELKOM BISA.Kami tnggu kedatangan Anda kembali,uncategorized
Terima kasih telah melakukan pengisian di counter kami WAR PUL CELL. Info: kami Melayani pembayaran tagihan PLN,uncategorized
Terpilih dapat cek 27jt. KODE TRIPLE CEK ANDA ([ACCT]) U/Info Klik Website www.undianbri.co.vu,uncategorized
"TOGEL SGP EDISI SENIN 10/06/2013 ANGKA JITU 40,76,65,53,89 di jamin tbs,stlh tbs anda harus krim plsa 100rb sebagai maharnya dkrm ke no; [PHONE] KI KARSO",uncategorized
"Toko bagus phone promo diskon 50% blackberry:Dakota Rp.2,8jt torchRp 2jt Gemini 900rb info/sms/pin 282F4C55 [PHONE] WWW.TOKOBAGUSPHONE.COM",uncategorized
"toko bursa cuci gudang diskon 60% BB DAKOTA ; 2,3 JT, TOCH ; 1,6 JT, GEMINI ; 1 JT, LAPTOP INFO : [PHONE] PIN BB : 2A6FB800E www.shopinbursabb.blogspot.com",uncategorized
"TOKO JAYA BB,,, discount 50% berbagai type BLACKBERRY Gemini 900 ribu, Torch 2,5 jt, Dakota 2,8 jta NOKIA& SAMSUNG, Info klik www.jayabb.com",uncategorized
"TOKO JEMBER Promo Discon 50% Keyboard Yahama: Dakota Rp. 2,8 jt, Onix3 Rp. 2,2 jt, Gemini Rp. 800 rb Info/SMS : [PHONE] PIN BB 295C6D02 www.jember-shop.blogspot.com",uncategorized
"TOKO NIAGA-CELL Disc 45% Khusus PROMO :- Blackberry- NOKIA- SAMSUNG- IPHONE dll, Info Hub/sms ke : [PHONE] Buka Website Kami : www.niaga-cell.blogspot.com",uncategorized
TOKO RAHMAT ABADI BIG SALE 50% Blackberry/Iphone Ipad/Samsung Laptop/DLL Info Hub Sms: [PHONE] PIN: 26AB6BEE Atau Cek di: www.abadi-shop47.blogspot.com,uncategorized
"Tolong belikan dulu mama pulsa 25rb di no AS baru mama [PHONE] soalnya teman mama kecelakaan, skrg kluarganya hrus dihubungi, nti mama ganti uangnya,penting",uncategorized
"tolong uangnya di kirim ke rekening ini aja,BRI, A/N: HASAN MAHMUD. REK: [ACCT]. Sms aja klau sudah di kirim,makasih.",uncategorized
"Tolong uangnya di transfer aja kesini MANDIRI a/n RAHMAD ADRIAN No rek: [ACCT] sms aja kalo sdh dikirim, trims",uncategorized
"Tolong uangnya di transfer saja ke Bank ----- An Ardiansyah [ACCT], kalau sudah ditransfer sms saja, terima kasih",uncategorized
"Tolong uangnya Di transfer sekarang aja ke bank BNI: [ACCT]. A/n FRISKA ANANDA, sms kalau sudah di Transfer, trimksi... - See more at: http://metropolitan.inilah.com/read/detail/1777965/awas-modus-penipuan-sms-model-baru#sthash.DKwN8EaE.dpuf",uncategorized
"Tolong uangnya dikirim aja kesini BANK DANAMON a/n Farida hanum No rek. [ACCT]- 4014 SMS aja klo udah dikirim, Trims",uncategorized
"Tolong uangnya ditransfer saja ke Bank xxx A/n. xxx 0231327XXX, kalau sudah ditransfer SMS saja, terima kasih",uncategorized
"TOP100 CELLULER Discound 25% BB DACOTA RP. 3,9 jt, BB ONYX3 Rp 3 jt, BB GEMINI Rp 1 jt, Laptop\KAMERA, iphone ; dll, info kunjungi www.top100-celluler.com pin ; BB, 2A95596A",uncategorized
"TOUR-TRAVEL dptkan tiket pesawat, promo domestik & internasional mudah/aman, booking Online 24 jam hub telp : [PHONE] atau websete di : www.lion-airtravel.com.",uncategorized
"Transfer ke Bank xxx saja a/n xxx No rek 7390685xxx, kalau sudah ditransfer SMS ke no ini ya!",uncategorized
"Transfer ke BNI aja, a/n SORAYA HARUM rek;[ACCT] klo sdh kbrin di nmr ini ya!",uncategorized
"Transfer ke Mandiri aja, a/n Resti Amanda norek [ACCT]",uncategorized
Transfer saja uangnya ke rek ini.mandiri.NO Rek: [ACCT].a/n:DARMAN. klau sdah di Transfer SMS saja ke nmor ini Trima kasih,uncategorized
Transfernya ke BRI aja A/n ANGGA PRASTIA No Rek [ACCT],uncategorized
"Trima ksh telah mjd pelanggan kami ""CNF AQUA"" gnkan no [PHONE] untuk pemesanan air isi ulang dan AGUA ASLI n sed!a jga gas 3kg dan 12kg tlng sebarkan sms ini ke tmn2 kost n kampus jga ya jgn berhenti di km terima kas!h(nb:tlng save no pemesanan aqua b!la suatu saat membutuhkan mksh).GRATIS ANTAR",uncategorized
TSELpoin 777 kejutan POIN Hadiah Rp.15jt Resmi diberikan 0852212XXXXX PIN-b7Bc247 u/info Hub/CS; PT.TELKOMSEL [ACCT] Pengirim; +777,uncategorized
Uangnya di Trnsfer di BNI ini aja a/n RASTINA NO.REK.[ACCT].Klo sdh d Trnsfer Sms aja di no ini [PHONE] Trmks.,uncategorized
"Uangnya dikirim aja ke Rekening ini, BankBNI a/n SAFITRI No.Rekening [ACCT]",uncategorized
Uangnya dikirim saja ke Rek. BANK BNI A/n. : Sdr ABDUL RAHMAN No. Rek. : 024-8721- 191 SMS saja kalau sudah dikirim. terima kasih,uncategorized
"WASSALAMU ALAIKUM WR WB UANGNYA DIKIRIM SAJA KE NO REK INI BRI A/N NOVA ARYAxxx [ACCT] xxx KALAU SDH TRANSFER SMS AJA DI NO INI TRMH KASIH"" No. HP Pengirim SMS: [PHONE]",uncategorized
"Ya Allah, semoga yg mempunyai hp ini & keluarganya selalu dalam Kasih Sayang Mu, diberkahi rejekinya & dijauhkan dari mara bahaya"", jawab Amin jika Anda berkenan",uncategorized
"Yank tlong isi'in aku pulsa 10rb, di no ini,[PHONE] nanti aq yg tlpn yacc!",uncategorized
Yank Tolong isi'in pulsa di no ini.[PHONE] ini no baruq.skrng penting,uncategorized
"Yank, isikan dl pulsa di no as ini [PHONE] nanti gw gantiin.Penting bget nih krn barusan bos gw nelpon gw tgguin yach…",uncategorized
Yth Bpk/Ibu. BNI menyatakan Rekening anda terpilih sebagai pemenang hadiah Rp. 35jt. kode cek anda [ACCT] info klik www.bankbni2016.blogspot.com,uncategorized
Yth Isti Sofiyah. Diminta Segera Hubungi Bpk Drs.H .Lalu Safi' i M.Pd. Kadisdik NTB.[PHONE] Perihal Seminar Gratis Dari DIKTI. (Bu Sri TU.Diknas),uncategorized
YTH kpd bpk/ibu sy Eka Novitasari kariyawan 3care sudah M-hub anda tdk tersambung dgn hormat hal ini kami sampaikan melalui sms singkat dr layanan kami bahwa selamat no anda M-dptkan hadiah 1 unit mobil Toyota Avanza dgn PIN:47V27 dr undian rejeki 3care periode utama 2014.u/info lebih lanjut kunjungi www.rejekiundian3care.jimdo.com,uncategorized
"YTH,MIitra Silahkan cek poin anda dan tukarkan ke admin kami dengan format PO.PIN kirim ke +62xxxxxxxxxx",uncategorized
"Yuk Ikuti akun dakwah, caranya: ketik IKUT [spasi] AkuCintaIslam kirim ke [PHONE].",uncategorized
[JNE] Paket anda tertahan di gudang karena data alamat kurang lengkap. Segera lengkapi di jne-cekpaket.info dlm 24 jam atau paket dikembalikan,uncategorized
"[J&T Express] Pengiriman Anda tertunda, alamat tidak lengkap. Perbarui data penerima: jnt-update.info sebelum paket dikembalikan ke pengirim",uncategorized
SiCepat: Paket Anda gagal dikirim krn alamat kurang jelas. Konfirmasi ulang data di sicepat-konfirmasi.xyz dalam 1x24 jam,uncategorized
BEA CUKAI: Paket kiriman luar negeri atas nama Anda ditahan. Bayar biaya pajak Rp285.000 ke rek BRI 0392xxxx agar paket dilepas. Hub 0812xxxx,uncategorized
[POS INDONESIA] Kiriman Anda tertahan di kantor pos. Lengkapi verifikasi penerima: posindo-cek.info atau paket dimusnahkan dlm 48 jam,uncategorized
"Shopee Express: Paket #IDX882 gagal terkirim, alamat tdk valid. Update alamat Anda skrg di shopee-antar.info agar dikirim ulang",uncategorized
Anteraja: Kurir gagal menemukan alamat Anda. Segera perbarui titik lokasi di anteraja-lokasi.xyz agar paket tidak dikembalikan,uncategorized
"JNE: Selamat paket Anda siap dikirim, namun ada kekurangan ongkir Rp15.000. Bayar via link jne-ongkir.info agar segera diproses",uncategorized
PERHATIAN: Paket Anda tertahan bea cukai bandara. Denda Rp450.000 wajib dibayar hari ini ke 0857xxxx (Dana/OVO) atau paket disita,uncategorized
Tiki: Pengiriman Anda pending. Data penerima tdk sesuai. Verifikasi identitas di tiki-verifikasi.info dgn KTP & no rekening,uncategorized
J&T: Paket a/n Anda gagal 3x pengiriman. Klik lonk berikut utk atur ulang jadwal & bayar biaya simpan gudang Rp25rb: jnt-gudang.xyz,uncategorized
"[JNE] Nomor resi Anda bermasalah. Untuk melacak & melepas paket, masukkan data pribadi & PIN ATM Anda di jne-resi.info",uncategorized
Grab Express: Paket Anda ditahan krn saldo ongkir kurang. Top up Rp20.000 melalui grabexp-topup.info agar kurir melanjutkan pengiriman,uncategorized
Wahana: Kiriman Anda tertahan sistem. Lengkapi form penerima & bayar pajak barang Rp99.000 di wahana-form.xyz sebelum jam 18.00,uncategorized
"Lazada: Paket COD Anda gagal, alamat tidak ditemukan. Konfirmasi ulang alamat & bayar ongkir di lazada-cod.info skrg juga",uncategorized
ID Express: Paket Anda akan dikembalikan besok. Segera lengkapi data & biaya redelivery Rp30.000 di idexp-kirim.info,uncategorized
"Selamat! No.HP anda terdaftar sbg pemenang UNDIAN BRI POIN Tahap 2 2026, Hadiah Rp [ACCT] & 1 unit motor. Cek kode anda di https://bri-undian-poin.xyz atau hub CS 0812xxxxxxx",fake_prize_lottery
[JNE] Paket anda tertahan di gudang karena data alamat kurang lengkap. Segera lengkapi di jne-cekpaket.info dlm 24 jam atau paket dikembalikan.,fake_courier
"Selamat siang Bpk/Ibu, saya dari pihak OJK Pusat menghubungi terkait rekening Bapak yang terindikasi masalah pencucian uang. Mohon segera hubungi nomor ini agar rekening tidak diblokir: 0813xxxxxxx",impersonate_official
"Ma, ini nomor baru Budi, HP lama kecemplung got. Ma tolong transfer ke rekening ini dulu ya buat bayar RS, Budi kecelakaan gak bisa telpon. BCA [ACCT] a.n. Budi",fake_family_emergency
Kami dari Yayasan Peduli Bencana menghubungi terkait korban gempa Cianjur. Bapak/Ibu bisa membantu dgn menyalurkan donasi ke rek [ACCT] a.n Yayasan Amanah Sejahtera,fake_charity
"Selamat pagi Ibu, perkenalkan saya dari luar negeri, senang bisa kenal Ibu. Semoga kita bisa jadi teman dekat",romance_scam
